{"aAcc": 81.65, "mIoU": 29.01, "mAcc": 34.6, "data_time": 0.19180841879411178, "time": 8.274314815347845}